,battery_power,ram,px_width,px_height,price_range
0,842,2549,756,20,1
1,1021,2631,1988,905,2
2,563,2603,1716,1263,2
3,615,2769,1786,1216,2
4,1821,1411,1212,1208,1
5,1859,1067,1654,1004,1
6,1821,3220,1018,381,3
7,1954,700,1149,512,0
8,1445,1099,836,386,0
9,509,513,1224,1137,0
10,769,3946,874,248,3
11,1520,3826,1005,151,3
12,1815,1482,748,607,1
13,803,2680,1440,344,2
14,1866,373,563,356,0
15,775,568,1864,862,0
16,838,3554,1850,984,3
17,595,3752,810,441,3
18,1131,1835,878,658,1
19,682,2337,1064,902,1
20,772,2819,1854,1314,3
21,1709,3283,1385,974,3
22,1949,1433,822,407,1
23,1602,1037,788,466,0
24,503,2583,1245,201,1
25,961,2782,1434,291,2
26,519,3763,645,550,3
27,956,3286,1075,511,3
28,1453,2373,1311,187,2
29,851,478,1263,1171,0
30,1579,3532,1739,1358,3
31,1568,508,654,413,0
32,1319,2227,1152,85,1
33,1310,3845,1919,178,3
34,644,1262,881,311,0
35,725,1326,1249,1134,1
36,589,2113,815,429,1
37,1725,3429,1307,609,3
38,790,3169,730,347,2
39,560,2150,1613,1448,2
40,1347,2484,967,434,2
41,1646,3339,1932,1725,3
42,1253,1878,714,685,1
43,1656,1629,1456,880,1
44,1195,504,1652,1580,0
45,1514,1152,1810,186,1
46,1723,3587,1791,202,3
47,1054,2296,774,27,1
48,578,1270,1433,1025,0
49,596,3238,1854,885,3
50,1547,2059,1832,1042,2
51,1760,2053,1383,1382,2
52,1654,3112,629,546,3
53,1457,1440,1287,1013,1
54,1073,2908,804,690,2
55,1936,2552,1036,667,2
56,823,905,1449,822,0
57,987,3963,820,581,3
58,1757,2056,713,265,1
59,1063,2910,683,127,2
60,1484,1457,969,916,1
61,799,431,975,361,0
62,1156,470,547,322,0
63,1720,2148,1353,753,2
64,702,2955,1570,504,2
65,616,3366,1618,651,3
66,1358,3068,1858,1565,3
67,1866,3834,1781,108,3
68,1242,1050,1225,459,0
69,1166,3993,603,205,3
70,1448,3378,1724,570,3
71,1407,2192,1217,1172,2
72,605,392,1026,160,0
73,1038,3709,638,4,3
74,797,590,1413,763,0
75,819,1814,1242,339,1
76,1114,907,1071,1040,0
77,1234,1449,778,166,0
78,1199,3448,1552,1168,3
79,1103,1837,1486,990,1
80,1589,3464,1206,319,3
81,999,2593,1616,1397,2
82,1510,3484,1752,708,3
83,1008,2009,1122,1077,1
84,1127,2048,1049,928,1
85,1412,837,1894,516,1
86,1496,854,741,96,0
87,1083,3210,1118,1025,3
88,668,2746,1203,666,2
89,1309,2334,1402,557,2
90,1724,2822,1924,1605,3
91,1977,1971,1242,1226,2
92,885,1410,802,769,0
93,879,349,1105,403,0
94,1322,1418,1990,177,1
95,1137,3616,1179,942,3
96,1355,880,891,651,0
97,1665,1601,1684,1572,2
98,657,1412,961,476,0
99,593,1692,1317,1233,1
100,1883,2600,1739,836,3
101,1732,1308,881,824,1
102,543,2413,984,391,1
103,1939,1047,520,320,0
104,553,1204,902,325,0
105,832,1799,1504,125,1
106,1661,2676,1634,846,3
107,1657,2597,1796,1770,3
108,1135,3029,1846,293,3
109,1775,2343,1869,1633,3
110,783,2016,1471,1198,1
111,617,2213,874,768,1
112,867,790,1974,70,0
113,1310,3182,513,117,2
114,1804,3472,1244,1158,3
115,1900,2871,1661,1055,3
116,909,3187,973,635,2
117,1084,1945,771,322,1
118,1308,488,989,275,0
119,1778,1214,1954,1445,1
120,1701,2598,1338,550,2
121,772,3242,1712,1242,3
122,825,3534,863,597,3
123,1379,3426,1376,538,3
124,1166,2488,1203,59,2
125,1659,3255,902,819,3
126,826,2863,786,179,2
127,1564,1496,1965,1259,1
128,1957,3801,1732,396,3
129,1571,666,1398,713,0
130,1414,3799,829,262,3
131,1790,1366,792,622,1
132,645,2962,580,327,2
133,668,2399,1056,522,1
134,1652,2338,1264,313,2
135,1213,2700,1248,226,2
136,1272,2235,669,605,1
137,866,3825,1686,692,3
138,536,284,1539,1386,0
139,523,1427,1042,304,0
140,1753,1324,1926,1590,2
141,1218,398,616,229,0
142,1537,3685,1131,839,3
143,786,2390,1697,507,2
144,1678,278,536,436,0
145,1814,3556,786,756,3
146,1101,2196,1269,387,1
147,1461,3799,1298,1265,3
148,1216,2268,1967,1852,2
149,506,2965,1025,875,2
150,843,2341,800,140,1
151,742,3557,1359,577,3
152,1692,1354,1996,975,1
153,1485,2147,1013,510,2
154,1547,505,590,583,0
155,1692,1394,1925,674,1
156,637,374,1989,1125,0
157,1224,506,826,747,0
158,1356,3702,1983,1612,3
159,1840,1078,1545,311,1
160,1481,2945,1533,116,2
161,961,2981,621,554,2
162,1296,490,1272,811,0
163,1193,536,1729,730,0
164,1441,2317,1071,577,2
165,517,3704,974,660,3
166,748,2126,1554,450,1
167,1126,2050,1611,1223,2
168,1572,2462,1937,1109,3
169,1569,1260,1942,45,1
170,1270,3770,845,299,3
171,1854,1886,627,506,1
172,625,3323,842,635,2
173,1577,2060,1737,1045,2
174,534,3926,1199,393,3
175,946,2177,1740,650,2
176,685,728,648,433,0
177,1949,2478,1136,839,3
178,947,2842,1220,1176,2
179,801,1617,879,650,1
180,703,1472,1065,218,0
181,1165,764,831,564,0
182,1082,2337,1191,986,2
183,959,3965,1631,561,3
184,1502,3693,588,65,3
185,1380,797,500,420,0
186,1266,1687,1698,1365,2
187,1934,2940,1299,619,3
188,1905,1545,898,849,1
189,1831,3834,1381,611,3
190,596,2505,984,953,1
191,1562,2243,1533,642,2
192,1490,3600,1464,1417,3
193,1523,3971,539,247,3
194,640,2844,1179,710,2
195,1526,2227,751,718,2
196,1989,1665,1497,1100,2
197,1308,3355,1215,59,3
198,609,1866,1948,938,1
199,1905,1287,1542,825,1
200,1703,1046,1235,286,0
201,1445,1441,1345,1273,1
202,1087,690,589,295,0
203,671,2504,1182,852,2
204,1472,2677,1052,710,2
205,765,2243,1429,1277,2
206,1642,2984,873,129,2
207,1265,1362,836,690,1
208,664,3629,1478,701,3
209,1277,3559,1460,309,3
210,1395,2571,705,213,2
211,1539,2107,1666,1112,2
212,1049,1022,1077,199,0
213,1827,2844,1020,55,2
214,903,711,1235,1230,0
215,1987,3117,1516,1052,3
216,1154,978,1499,541,0
217,1336,1869,583,55,1
218,1886,1179,1958,809,1
219,1551,3844,1995,1738,3
220,850,593,642,404,0
221,660,588,1178,262,0
222,1225,3836,1404,759,3
223,1452,2669,1040,42,2
224,1686,2958,1453,397,3
225,1634,3031,1677,964,3
226,1708,3388,517,233,3
227,1151,2377,1560,1022,2
228,1578,2458,1226,411,2
229,1689,2766,1200,954,3
230,1488,3054,1647,1528,3
231,1313,3791,1308,416,3
232,1715,625,1615,638,0
233,1442,2227,687,231,1
234,528,3256,637,574,2
235,1523,707,1606,148,0
236,1133,1457,1543,730,1
237,1718,3755,980,564,3
238,1330,1733,1441,1290,1
239,1799,720,1383,632,0
240,633,3560,1009,529,2
241,724,2311,1754,1273,2
242,822,3846,860,667,3
243,1918,1717,1543,1170,2
244,1891,3704,1108,169,3
245,1373,3800,673,105,3
246,862,278,1758,793,0
247,1273,1767,886,490,1
248,957,1846,1485,1201,1
249,1617,829,1038,246,0
250,893,2986,946,417,2
251,1210,2394,1462,1177,2
252,708,2169,654,78,1
253,835,1181,1604,323,0
254,1450,575,1882,707,0
255,973,2977,1816,457,2
256,601,532,765,356,0
257,507,1702,1398,936,1
258,564,1074,1980,912,0
259,1559,3352,1559,179,3
260,754,1027,1928,1914,1
261,728,2039,1529,526,1
262,1431,461,952,156,0
263,767,527,1517,344,0
264,1722,3271,1741,865,3
265,1992,606,1596,1552,1
266,1876,2513,1564,546,3
267,1054,1675,1222,1097,1
268,1283,2698,692,372,2
269,1281,1129,1617,1285,1
270,1066,468,1571,1242,0
271,730,1210,1247,302,0
272,1053,3086,1767,594,3
273,1611,1595,714,303,1
274,793,2332,1935,1858,2
275,1220,2589,1933,403,2
276,1662,3760,1509,32,3
277,1281,1851,954,590,1
278,538,417,662,235,0
279,823,294,888,630,0
280,1733,3576,527,357,3
281,1429,3945,820,246,3
282,1839,927,1493,475,1
283,659,2044,1929,1054,1
284,1953,2334,764,555,2
285,1172,1477,1092,607,1
286,612,3161,1891,1360,3
287,1563,3660,1699,142,3
288,1191,1604,683,681,1
289,615,2211,1664,104,1
290,1893,3822,763,637,3
291,1563,3922,572,410,3
292,1995,1203,1963,1830,2
293,1517,2822,1489,802,3
294,832,447,1294,311,0
295,1162,1652,997,56,1
296,1595,3608,655,344,3
297,1329,1228,1458,1053,1
298,928,666,1243,221,0
299,1656,1499,519,506,1
300,1937,3321,1767,1728,3
301,977,1206,566,63,0
302,768,952,515,418,0
303,1464,3927,1168,854,3
304,1177,311,882,178,0
305,1348,955,1942,1869,1
306,1956,1109,776,185,1
307,1751,2969,564,170,2
308,1530,725,1975,454,0
309,1997,1655,1212,866,2
310,1414,3490,1118,44,3
311,1707,1774,1388,1331,2
312,894,3615,1462,1285,3
313,645,714,1130,741,0
314,1163,2768,754,520,2
315,1126,3739,1726,114,3
316,1648,610,1876,1153,1
317,1170,715,709,474,0
318,508,663,557,39,0
319,1097,1725,1914,419,1
320,728,834,775,584,0
321,1980,3865,1910,312,3
322,1504,3059,1923,19,3
323,1379,651,1370,207,0
324,1698,796,994,363,0
325,920,785,1078,209,0
326,1144,3252,724,159,2
327,1995,1322,1104,649,1
328,1430,2832,1182,1132,2
329,972,1615,1795,1392,1
330,662,2125,1224,1001,1
331,1867,990,1442,712,1
332,1730,1595,1023,418,1
333,1723,1213,1361,384,1
334,1882,2500,652,119,2
335,803,2801,935,627,2
336,580,3451,1345,1086,3
337,668,1201,1292,195,0
338,1391,3139,1256,14,2
339,1560,1938,1364,745,2
340,821,3185,1786,253,2
341,811,2111,1429,333,1
342,1989,2369,682,629,2
343,1034,3625,1199,707,3
344,618,1051,1688,1314,0
345,654,1036,1898,1715,1
346,576,2938,1438,513,2
347,667,2855,1463,13,2
348,869,2727,1584,1243,2
349,635,2973,1059,300,2
350,609,2581,1253,58,1
351,1557,2690,1442,1107,3
352,1604,916,939,134,0
353,1182,2563,986,275,2
354,848,3359,1029,176,2
355,1610,941,1280,1236,1
356,1828,2280,898,336,2
357,880,827,1381,1116,0
358,1394,473,1565,1010,0
359,1960,3865,1299,205,3
360,809,1274,1726,1453,1
361,899,364,1331,788,0
362,1976,3699,1922,1301,3
363,879,2927,1038,463,2
364,916,1470,992,188,0
365,763,1050,1186,1028,0
366,508,2616,1920,1419,2
367,825,2915,1866,1471,3
368,1864,2686,981,168,2
369,1725,1243,1195,1125,1
370,1108,3264,1706,130,3
371,1011,2261,749,481,1
372,1703,2993,1711,1411,3
373,1067,706,681,79,0
374,1334,2542,1974,1187,3
375,775,2523,1510,561,2
376,1899,336,814,96,0
377,930,2457,1025,77,1
378,1058,418,1247,493,0
379,1187,3917,1814,1173,3
380,1874,1246,1233,964,1
381,1482,2971,642,634,2
382,1809,2324,721,639,2
383,864,3121,1670,127,2
384,625,3801,550,431,2
385,1880,3333,699,71,3
386,1138,3475,1138,111,3
387,560,2360,1903,356,1
388,1117,2895,817,798,2
389,1712,3652,1126,747,3
390,1836,3097,1139,408,3
391,1036,2101,926,373,1
392,1860,3918,1506,1362,3
393,1375,3869,726,475,3
394,1945,732,1753,743,1
395,1896,3684,794,447,3
396,788,3969,1161,42,3
397,880,1414,1350,30,0
398,1323,1892,619,162,1
399,1868,3131,660,347,3
400,1266,2532,1468,346,2
401,1042,3215,1705,727,3
402,1479,3323,1476,180,3
403,1476,1529,1666,1641,2
404,1552,2403,1026,269,2
405,1454,3419,1033,250,3
406,1007,3648,1529,1186,3
407,652,1974,559,77,0
408,1504,2806,973,507,2
409,1726,2239,1223,379,2
410,1029,582,956,264,0
411,1582,3890,1797,1486,3
412,1478,1141,882,694,1
413,1178,2511,596,579,2
414,707,3838,574,495,3
415,755,2734,990,315,2
416,912,2330,1053,329,1
417,651,2244,858,548,1
418,1483,1851,758,531,1
419,914,808,1495,191,0
420,1456,1587,1104,823,1
421,1178,2492,1352,96,2
422,1503,2122,1304,841,2
423,1681,1122,1205,195,0
424,715,3709,562,21,2
425,1876,3021,585,235,2
426,1190,624,1441,1417,0
427,1755,3937,1075,286,3
428,1197,1797,1629,649,1
429,1048,1458,1975,966,1
430,1887,3348,1798,1172,3
431,1772,1834,545,270,1
432,1421,2775,1657,781,3
433,1464,1277,1341,418,1
434,728,457,817,126,0
435,954,438,1058,228,0
436,685,3210,1203,1091,3
437,1472,985,1744,1452,1
438,853,3701,740,674,3
439,1469,1052,1133,398,0
440,1310,1175,889,449,0
441,1654,1070,1719,1184,1
442,902,3411,1285,675,3
443,1448,1175,1850,1792,1
444,1631,301,1905,177,0
445,1608,489,1158,1013,0
446,1991,1733,1325,1058,2
447,1349,2756,772,592,2
448,1589,2612,1743,810,2
449,1844,1724,882,533,1
450,712,2190,1208,558,1
451,972,1900,1050,681,1
452,1406,3915,1366,1017,3
453,1289,1043,899,765,0
454,932,3817,1224,1176,3
455,1747,2362,1131,947,2
456,1172,1107,1884,1314,1
457,1128,2982,1370,609,3
458,664,2042,1497,754,1
459,513,1343,867,619,0
460,1742,2610,681,453,2
461,1512,2335,884,205,2
462,1986,1614,1358,282,1
463,965,1138,998,130,0
464,1067,604,1989,494,0
465,1583,3652,862,275,3
466,1653,3955,1785,447,3
467,1433,258,799,281,0
468,765,1066,793,6,0
469,1845,1731,695,292,1
470,752,3860,728,164,3
471,1948,3630,1940,631,3
472,1077,1965,1304,897,1
473,932,1459,1078,268,0
474,1968,2323,1259,861,2
475,1122,3291,790,331,2
476,1588,3272,1594,1064,3
477,601,918,548,509,0
478,1615,3488,1256,622,3
479,1589,3961,1911,957,3
480,1417,590,1649,494,0
481,1697,3701,1264,236,3
482,1330,463,1262,980,0
483,1476,3644,1972,1789,3
484,1579,1713,1484,831,1
485,1277,429,1090,902,0
486,1089,2765,1259,636,2
487,1663,2084,1439,831,2
488,1949,1125,592,518,1
489,1138,2048,1777,233,2
490,685,1223,870,725,0
491,1889,3672,1106,170,3
492,857,3100,948,157,2
493,1902,343,1393,1142,0
494,1225,1970,982,840,1
495,1066,2728,1586,401,2
496,1554,3635,1579,395,3
497,1337,2180,644,48,1
498,1926,2488,1157,982,2
499,869,3864,539,478,3
500,1278,1155,750,581,0
501,1773,3566,1472,1215,3
502,1661,864,1337,594,1
503,1438,869,1663,683,0
504,1661,591,861,536,0
505,1846,1333,773,83,1
506,1260,2208,1313,905,2
507,512,2610,1849,249,2
508,581,2819,1613,803,2
509,1872,1955,1259,459,2
510,687,3416,1151,584,3
511,1062,3803,1807,1596,3
512,1678,574,1763,418,0
513,1417,2129,1029,364,1
514,1074,1948,952,946,1
515,1832,2978,654,186,2
516,1039,1619,1827,1428,1
517,1059,3716,1916,1613,3
518,1606,3454,1924,1127,3
519,1928,3777,1580,691,3
520,1875,2712,1942,1802,3
521,1128,1434,1582,751,1
522,1748,3968,1234,859,3
523,1413,3383,517,187,3
524,825,3278,1917,206,3
525,1589,3970,1759,1673,3
526,535,2674,939,710,2
527,1780,2776,1463,1331,3
528,1671,2336,848,263,2
529,1821,2430,1803,97,2
530,1076,891,915,129,0
531,532,728,1354,1213,0
532,777,3886,1143,189,3
533,1217,1711,632,628,1
534,1656,2856,899,320,2
535,1185,2447,1642,837,2
536,577,814,1450,1087,0
537,737,2951,1463,781,2
538,704,3653,1013,251,2
539,525,1891,1587,262,1
540,504,701,1665,767,0
541,793,3139,1815,1226,3
542,569,2811,739,389,1
543,1590,1701,963,920,1
544,707,1853,1508,1027,1
545,767,2445,1000,271,1
546,1350,2287,544,369,1
547,1117,2003,1627,1258,2
548,641,3595,759,417,2
549,1002,1726,1416,1345,1
550,1408,3952,1088,613,3
551,1900,850,1596,912,1
552,726,1446,760,666,0
553,1544,1300,857,236,1
554,1454,719,1100,186,0
555,1230,988,676,416,0
556,1552,2606,658,430,2
557,1519,2912,1239,168,2
558,723,2339,1901,1467,2
559,1191,1028,1813,179,0
560,1168,3173,1578,159,3
561,1229,1667,1878,120,1
562,1758,1897,1864,762,2
563,1290,1214,1109,600,1
564,574,3269,1171,286,2
565,1271,445,1949,1350,0
566,1170,1073,1722,27,0
567,1269,665,1920,1597,1
568,1288,3129,1809,1177,3
569,1366,3501,964,402,3
570,1572,3461,1237,577,3
571,1627,3206,1082,52,3
572,1701,3717,828,364,3
573,1900,3917,1241,934,3
574,1974,861,545,250,0
575,1197,2885,1710,214,2
576,587,2777,1793,612,2
577,934,1017,1463,1111,0
578,1195,980,1100,163,0
579,1853,2775,1951,202,3
580,1164,3309,1704,729,3
581,1512,3607,1897,1079,3
582,1232,1257,809,361,0
583,1813,759,1306,338,0
584,946,3720,1771,1698,3
585,739,475,1536,1052,0
586,704,1122,1509,1108,0
587,1663,1336,1545,951,1
588,1966,1185,1987,1197,2
589,1219,705,1022,473,0
590,612,3169,1337,1294,2
591,1658,3483,522,410,3
592,1263,1183,1883,178,1
593,1395,3373,1787,782,3
594,621,2801,910,434,2
595,652,565,781,464,0
596,1175,3153,1501,137,2
597,561,3421,1176,492,2
598,1137,316,1285,1250,0
599,1835,448,583,385,0
600,1170,2366,684,427,1
601,1595,3881,1838,1024,3
602,1719,462,904,240,0
603,1770,1480,1552,886,1
604,1312,1087,1854,1233,1
605,1878,2711,559,183,2
606,1871,2144,1682,88,2
607,922,1165,1383,1016,0
608,1975,2998,655,80,2
609,1212,2249,1715,611,2
610,1430,752,906,569,0
611,1958,1409,637,304,1
612,1836,3072,1230,276,3
613,557,1305,1315,1131,0
614,539,3597,599,551,2
615,880,3132,1302,436,2
616,1369,3856,727,553,3
617,1109,1524,1787,1391,1
618,843,3673,1096,981,3
619,598,3293,1173,680,2
620,972,3035,816,687,2
621,1944,584,1970,1060,1
622,1225,2675,1101,217,2
623,644,2382,1654,1140,2
624,1919,1391,1191,304,1
625,501,2346,1089,504,1
626,1620,606,1033,832,0
627,1227,1324,1781,935,1
628,1359,1076,901,446,0
629,1914,643,1701,942,1
630,1645,783,1308,897,0
631,1063,3809,1232,1208,3
632,946,2104,630,159,1
633,1231,1762,1184,632,1
634,1397,3137,1991,1308,3
635,701,1756,1256,1002,1
636,570,3663,1917,1331,3
637,1993,2437,510,150,2
638,955,1432,1511,1248,1
639,924,1620,1813,108,1
640,600,1655,747,320,0
641,518,2832,1947,437,2
642,1063,961,935,295,0
643,920,2608,1421,1058,2
644,1715,514,1652,79,0
645,1841,2304,672,593,2
646,543,933,1031,693,0
647,1762,1896,527,300,1
648,1112,3655,739,234,3
649,709,1973,1596,1545,1
650,1315,3278,575,59,2
651,1762,2183,1364,1103,2
652,1462,824,1478,91,0
653,571,2598,1282,177,1
654,666,1254,1353,58,0
655,1994,3622,1435,447,3
656,1583,1704,1651,942,2
657,1778,1624,516,88,1
658,1926,3809,1000,371,3
659,966,2574,1754,1446,2
660,568,950,1703,181,0
661,1897,273,1935,1311,0
662,1695,446,1898,1791,1
663,1623,1510,1832,1568,2
664,914,1122,721,706,0
665,1721,707,1048,871,0
666,890,751,1873,1074,0
667,600,3393,1465,501,2
668,1677,3771,1477,271,3
669,723,1851,1748,920,1
670,638,2735,1383,1171,2
671,852,2253,1159,293,1
672,1979,452,1630,833,0
673,710,1419,857,485,0
674,1034,969,1293,182,0
675,600,3441,1162,207,2
676,1027,3786,1747,1698,3
677,1260,2710,736,165,2
678,1793,3533,1418,1086,3
679,675,1735,757,192,0
680,658,3587,1750,1156,3
681,1694,2298,549,377,2
682,804,2027,818,709,1
683,1713,2406,974,729,2
684,706,2419,938,543,1
685,1362,995,1505,553,0
686,1527,2078,1116,526,2
687,768,1145,991,637,0
688,1314,626,577,113,0
689,705,1509,1374,1114,1
690,1403,3371,1251,461,3
691,1486,297,1747,1430,0
692,781,3508,1674,304,3
693,986,2385,800,471,1
694,1310,1301,1016,806,1
695,560,2167,1327,80,1
696,1348,3914,501,204,3
697,1567,2312,1621,545,2
698,1940,2297,858,112,2
699,1979,411,1532,1331,0
700,561,665,1294,1055,0
701,1717,3226,810,609,3
702,535,740,811,290,0
703,1413,3878,1318,1039,3
704,1358,3406,1655,1485,3
705,1519,2440,1702,1122,2
706,1254,3959,1013,462,3
707,1591,3703,1883,1384,3
708,977,3714,1862,1502,3
709,1640,337,1301,589,0
710,663,3176,1605,82,2
711,1744,1205,718,68,1
712,1624,2473,699,689,2
713,1108,1229,1742,208,0
714,1188,2896,1558,1339,3
715,817,2039,766,722,1
716,863,520,1799,717,0
717,1397,1378,1658,433,1
718,1108,3254,1666,1298,3
719,1068,1803,1998,186,1
720,1702,2501,1491,1397,3
721,808,3762,1891,618,3
722,1156,1796,1262,1214,1
723,1271,990,650,613,0
724,696,2630,907,649,1
725,1981,1380,1234,193,1
726,614,3487,519,22,2
727,1590,1201,1595,1464,1
728,1945,3015,895,280,3
729,1135,3204,1589,690,3
730,1049,433,1564,39,0
731,1807,1906,1384,337,2
732,984,898,1611,1036,0
733,720,2799,1733,1347,3
734,1536,2020,1634,22,2
735,771,770,922,327,0
736,503,305,1291,778,0
737,675,2953,874,482,2
738,1936,1671,1089,591,1
739,1303,2574,1604,229,2
740,1004,3772,1162,901,3
741,1972,2870,1648,715,3
742,1822,2577,910,172,2
743,1159,2246,723,681,1
744,1782,2405,999,867,2
745,894,3377,1300,286,2
746,1884,3619,819,451,3
747,1648,1184,1238,1119,1
748,798,2965,643,526,2
749,802,3713,1633,1299,3
750,1276,3798,735,217,3
751,1331,1026,1226,1109,1
752,1620,1086,1339,434,1
753,1996,2236,1445,671,2
754,1092,1303,1424,1404,1
755,1018,3048,883,856,2
756,545,616,1452,381,0
757,554,3764,806,85,2
758,1264,419,849,562,0
759,1030,2858,1812,1111,3
760,1432,504,947,209,0
761,558,392,1605,997,0
762,829,820,1916,91,0
763,1741,3387,1895,730,3
764,1849,3447,1123,606,3
765,733,1403,1409,445,0
766,1872,2295,1484,286,2
767,1853,1973,1005,985,2
768,1149,3755,1675,1617,3
769,891,2073,1724,375,1
770,1911,3872,1958,1795,3
771,550,302,1930,486,0
772,576,1519,1518,757,1
773,1760,2549,1704,273,2
774,969,404,589,491,0
775,1160,595,859,762,0
776,827,1663,821,448,0
777,1786,2764,1671,231,3
778,774,2614,1865,1713,2
779,819,1094,822,438,0
780,1042,2826,1018,68,2
781,1368,2496,829,698,2
782,1592,2103,522,510,1
783,1067,966,1009,965,0
784,1892,2172,1564,1399,2
785,915,905,1448,532,0
786,774,3916,896,8,3
787,1848,3902,605,154,3
788,1501,2487,1056,198,2
789,1614,3914,1330,860,3
790,911,363,670,461,0
791,1520,3233,1909,109,3
792,1647,2532,1185,193,2
793,1347,3836,1008,961,3
794,967,3076,1642,243,2
795,1442,1513,1668,1626,2
796,1204,1724,1482,480,1
797,1320,542,1229,123,0
798,1800,3481,823,400,3
799,1567,3991,1326,190,3
800,1439,1790,932,626,1
801,1422,509,926,1,0
802,1591,282,1641,548,0
803,880,3006,660,632,2
804,1929,1913,1051,349,1
805,1642,1333,1889,1686,2
806,1511,3746,1982,1455,3
807,1312,3941,893,95,3
808,1852,3970,1163,580,3
809,972,3925,589,297,3
810,691,424,962,951,0
811,807,1284,697,667,0
812,1113,277,1312,1047,0
813,721,1713,1862,408,1
814,1188,485,1469,1150,0
815,1512,3002,952,333,2
816,805,418,704,641,0
817,918,1652,671,653,1
818,1320,2893,1583,103,2
819,1236,1406,809,517,0
820,1387,629,1151,785,0
821,1883,3724,791,531,3
822,839,3835,1391,564,3
823,1593,1354,1336,761,1
824,1722,2376,1638,1179,3
825,1954,3438,690,673,3
826,1788,2655,1073,472,2
827,1628,3361,643,412,3
828,1965,3535,1660,977,3
829,833,2150,1395,359,1
830,571,2587,783,224,1
831,1808,2736,1208,714,3
832,1860,676,799,195,0
833,1368,2941,1145,843,3
834,1161,3336,1169,308,3
835,1224,3796,563,522,3
836,902,3654,1360,364,3
837,787,2934,1423,806,2
838,854,2889,1152,518,2
839,1184,3315,1577,519,3
840,1973,1993,1181,792,2
841,510,2509,1228,382,1
842,966,3534,1523,214,3
843,1438,2246,867,859,2
844,1986,3165,774,342,3
845,1907,286,1513,713,0
846,1489,776,812,172,0
847,1843,3213,580,118,3
848,825,716,783,540,0
849,1286,424,662,18,0
850,840,3486,1081,987,3
851,757,3237,697,535,2
852,814,1944,1406,1092,1
853,1195,643,1001,327,0
854,767,2317,1995,517,2
855,1068,1436,1500,994,1
856,994,3190,530,491,2
857,1550,2338,832,268,2
858,1878,1334,1026,210,1
859,623,3657,672,144,2
860,1829,2080,1267,729,2
861,525,1609,670,82,0
862,1065,3078,928,188,2
863,1425,590,1897,150,0
864,1296,2552,1382,1222,2
865,642,3355,1011,331,2
866,1664,1968,1929,1178,2
867,1498,3358,1076,347,3
868,981,1539,688,75,0
869,1236,942,1403,492,0
870,1673,3669,734,65,3
871,712,3612,1234,881,3
872,569,2351,1159,351,1
873,603,604,1968,1842,0
874,1332,1285,1165,758,1
875,1413,515,1481,1323,0
876,1064,654,1569,1175,0
877,1444,2540,1554,1092,3
878,1366,3869,1876,647,3
879,906,3412,1793,1102,3
880,1554,509,1367,319,0
881,1187,2547,1125,215,2
882,1156,2735,1913,945,2
883,1918,1369,1203,381,1
884,841,2942,828,546,2
885,730,2812,1155,1096,2
886,878,3497,618,575,2
887,1059,619,1545,519,0
888,1578,3483,670,342,3
889,1829,1475,563,291,1
890,1132,1950,1293,1091,1
891,1652,3592,1084,352,3
892,912,3573,1723,165,3
893,1181,2020,831,385,1
894,1497,1329,1933,1920,2
895,1790,3568,1980,396,3
896,1742,1947,1469,1134,2
897,1549,1998,1514,721,2
898,1372,725,937,687,0
899,1112,3302,1119,777,3
900,1005,3884,1556,176,3
901,783,1185,1263,458,0
902,1698,1656,1819,485,2
903,899,2870,1638,641,2
904,1062,911,1435,798,0
905,989,3892,1394,256,3
906,1983,3897,1197,370,3
907,1800,656,1108,191,0
908,1254,606,1956,1571,1
909,868,1653,1026,276,1
910,1205,860,614,573,0
911,1284,2197,516,160,1
912,626,3458,1334,90,2
913,1763,2066,806,138,1
914,694,3676,1230,983,3
915,1265,1518,687,275,1
916,816,1018,558,149,0
917,904,1360,507,42,0
918,979,3449,1670,793,3
919,1531,2524,765,625,2
920,934,703,1190,521,0
921,1624,1251,1744,1530,1
922,874,582,1248,442,0
923,1027,1732,714,152,1
924,1966,1252,1973,1242,2
925,1048,2146,1670,29,1
926,1496,1927,506,501,1
927,959,3328,736,87,2
928,1349,2462,1019,648,2
929,1689,1172,674,521,0
930,1558,3598,1409,120,3
931,582,2437,1420,985,2
932,1485,3271,774,341,3
933,1991,1511,1377,751,1
934,553,2981,1517,993,2
935,1231,3119,1663,43,3
936,805,3647,1538,1262,3
937,764,3148,511,361,2
938,894,2829,541,104,2
939,1589,2373,940,618,2
940,1456,3998,1666,815,3
941,743,316,1659,1587,0
942,1061,999,1330,138,0
943,1428,1808,983,584,1
944,674,589,772,750,0
945,832,3317,1366,820,3
946,1625,670,1219,8,0
947,907,584,507,171,0
948,1631,2173,1735,960,2
949,1584,1561,1291,160,1
950,1382,2073,719,612,1
951,633,1401,1915,709,1
952,1444,3764,917,624,3
953,852,1275,730,538,0
954,922,1464,1808,1295,1
955,1745,2885,1908,1164,3
956,862,3458,1977,829,3
957,1754,3019,1452,199,3
958,1008,1083,1972,825,1
959,1569,3538,930,519,3
960,1596,2493,1190,169,2
961,1807,3726,1968,1734,3
962,1660,1531,1165,76,1
963,1861,601,1877,1698,1
964,648,2991,1997,819,2
965,1379,3912,671,387,3
966,1910,309,1284,985,0
967,1807,323,974,970,0
968,1923,1489,1759,767,1
969,1345,1322,1465,512,1
970,904,1846,760,56,1
971,1239,417,661,590,0
972,1330,3269,1304,462,3
973,516,3731,698,126,2
974,672,667,1143,578,0
975,892,1241,1782,655,1
976,1778,3941,1445,1028,3
977,1130,1018,1261,88,0
978,1359,3142,1902,1692,3
979,1866,1444,1782,358,1
980,1597,934,1667,64,0
981,1046,3863,1040,259,3
982,1035,3506,1960,236,3
983,1175,1944,1394,873,1
984,1261,348,1591,858,0
985,1068,550,1910,1405,0
986,1713,971,890,237,0
987,1688,3984,864,650,3
988,1413,2973,1994,1949,3
989,559,2019,823,541,1
990,1483,1587,1552,361,1
991,860,1870,1463,335,1
992,1090,1352,1910,1638,1
993,686,570,1392,1109,0
994,818,546,510,111,0
995,1456,3624,1427,1285,3
996,774,2944,1731,1480,2
997,1068,1209,875,322,0
998,1373,2752,1348,1220,3
999,1777,3868,616,511,3
1000,594,3087,1263,1011,2
1001,1524,947,635,629,0
1002,511,1484,622,140,0
1003,1402,347,1767,1081,0
1004,965,3227,653,297,2
1005,1270,3299,1716,1512,3
1006,919,1028,570,275,0
1007,1963,714,1813,1136,1
1008,1977,2641,1356,1145,3
1009,1881,1229,1553,477,1
1010,683,2622,1985,954,2
1011,772,929,1471,741,0
1012,536,1211,705,547,0
1013,1694,1653,1208,1194,2
1014,1633,511,906,146,0
1015,1371,3034,663,471,2
1016,551,1414,1916,169,0
1017,1221,2438,1976,1895,3
1018,1000,3744,1761,1537,3
1019,1986,1377,1520,236,1
1020,1119,3520,915,821,3
1021,1699,3796,1768,466,3
1022,1099,1699,1096,393,1
1023,1576,336,631,400,0
1024,950,1095,843,774,0
1025,1081,325,519,284,0
1026,606,1223,1152,465,0
1027,502,1649,1810,705,1
1028,957,1898,1682,38,1
1029,1658,2609,739,51,2
1030,1681,2265,1005,850,2
1031,1983,2775,676,349,2
1032,1753,1445,1595,387,1
1033,1632,2614,1623,706,2
1034,1949,356,1178,951,0
1035,1696,523,772,179,0
1036,688,3745,1964,426,3
1037,1104,1229,1413,653,0
1038,1122,1402,1963,1578,1
1039,504,2085,1795,280,1
1040,1154,587,1801,251,0
1041,1727,2457,1992,1463,3
1042,1674,2030,1649,1432,2
1043,1948,816,571,477,0
1044,1218,1667,1746,1122,1
1045,531,2958,1903,145,2
1046,1057,3705,1055,416,3
1047,576,2800,893,847,2
1048,1960,3773,877,868,3
1049,673,2050,1088,594,1
1050,718,1754,830,518,1
1051,864,1904,1805,663,1
1052,547,2705,541,371,1
1053,623,3537,1781,1749,3
1054,1793,1370,722,586,1
1055,1720,1222,646,409,1
1056,812,3102,1309,35,2
1057,980,2268,1758,1008,2
1058,643,2648,1079,442,1
1059,1925,2173,1087,983,2
1060,1408,3162,982,875,3
1061,1522,1368,1191,952,1
1062,587,2746,1361,244,2
1063,1959,619,1055,65,0
1064,1872,724,1767,1749,1
1065,1043,912,1626,716,0
1066,1809,2784,1661,433,3
1067,1703,793,521,134,0
1068,1095,560,1247,179,0
1069,1414,312,1564,804,0
1070,1659,545,1515,787,0
1071,1540,1591,822,704,1
1072,1342,2746,1638,991,3
1073,1189,893,932,379,0
1074,518,2514,710,489,1
1075,1449,1032,1883,1518,1
1076,516,819,1401,855,0
1077,1569,3672,1383,1261,3
1078,1312,3833,1791,115,3
1079,1893,1482,1432,1203,2
1080,1076,2043,1300,545,1
1081,530,1229,1090,818,0
1082,1044,1816,1262,42,1
1083,1330,2166,1637,1103,2
1084,1836,2469,1068,168,2
1085,1741,2575,755,719,2
1086,1869,1375,874,163,1
1087,1331,1732,1531,1162,1
1088,1655,673,1348,626,0
1089,605,2301,656,329,1
1090,1245,2676,1434,330,2
1091,1709,1781,1292,956,2
1092,846,2248,1983,1140,2
1093,1403,921,1623,217,0
1094,688,391,869,271,0
1095,775,1719,1555,444,1
1096,1154,3262,1827,1003,3
1097,1375,1947,772,227,1
1098,1827,2693,1764,253,3
1099,1697,441,1046,88,0
1100,741,1886,594,334,0
1101,1672,1267,1896,1281,1
1102,514,687,1320,168,0
1103,1375,2890,1687,898,3
1104,989,1737,1069,46,1
1105,1510,887,1170,118,0
1106,1266,398,1595,1187,0
1107,1396,2389,1347,1191,2
1108,808,3431,1324,526,3
1109,1542,3601,966,346,3
1110,745,2459,1538,89,1
1111,1735,3230,846,137,3
1112,586,3646,1389,1226,3
1113,1341,2200,574,473,1
1114,781,3862,607,368,3
1115,501,3077,1636,239,2
1116,1224,621,709,622,0
1117,1970,2372,882,654,2
1118,618,2574,1781,853,2
1119,1537,2857,1305,686,3
1120,1018,3143,1433,992,3
1121,1545,3197,1352,115,3
1122,1871,2727,1966,275,3
1123,1729,1519,1178,461,1
1124,680,2438,1500,1428,2
1125,1106,2674,1212,614,2
1126,635,2107,989,193,1
1127,618,2262,1602,1105,2
1128,1671,815,1263,398,0
1129,1562,2829,728,480,2
1130,1975,3022,1607,775,3
1131,831,2573,1490,1482,2
1132,1524,2678,550,154,2
1133,1528,1282,1762,454,1
1134,1447,568,1455,737,0
1135,1344,2074,556,419,1
1136,564,2227,1737,853,1
1137,921,1080,1229,1211,0
1138,1413,2867,1606,314,2
1139,831,1075,1239,172,0
1140,802,3063,734,527,2
1141,1923,2479,1264,874,2
1142,1193,2394,864,674,2
1143,904,2814,1014,657,2
1144,1285,2094,500,475,1
1145,1635,2315,1411,1209,2
1146,1923,2519,525,15,2
1147,1851,735,1967,293,0
1148,727,1891,1377,813,1
1149,1396,1386,1843,173,1
1150,877,3260,652,457,2
1151,696,2022,797,533,1
1152,1009,1716,1043,912,1
1153,1526,3317,1418,798,3
1154,987,1454,565,412,0
1155,1414,2290,887,130,1
1156,1732,3940,656,201,3
1157,1587,461,874,299,0
1158,1097,2219,1352,1277,2
1159,504,470,1195,626,0
1160,1159,2495,751,378,2
1161,1910,2944,639,333,2
1162,865,2361,1804,805,2
1163,1930,1783,1920,1901,2
1164,860,2832,1581,1573,2
1165,1268,931,912,360,0
1166,999,1344,745,20,0
1167,622,3916,511,98,2
1168,1250,1882,1011,703,1
1169,763,2865,1278,273,2
1170,1100,757,1344,919,0
1171,815,3469,1291,982,3
1172,618,2399,896,879,1
1173,553,3300,1892,1287,3
1174,673,2719,1247,1109,2
1175,563,3012,684,211,2
1176,1590,2836,1109,1058,3
1177,1031,2385,1247,532,2
1178,909,594,773,290,0
1179,1880,2968,1019,890,3
1180,1479,3762,645,327,3
1181,1271,892,1788,1260,1
1182,709,467,1422,570,0
1183,1744,345,1558,621,0
1184,1314,3033,1858,328,3
1185,1136,2110,1767,1307,2
1186,1039,3105,618,497,2
1187,1300,874,1037,219,0
1188,732,3681,1554,1163,3
1189,511,3865,759,24,2
1190,1092,737,571,468,0
1191,921,3153,1469,1272,3
1192,1030,2800,551,503,2
1193,1130,315,1579,1495,0
1194,1299,1412,1838,1333,1
1195,1009,2286,1841,267,2
1196,1735,2392,876,149,2
1197,1129,1857,1079,1070,1
1198,708,1419,620,206,0
1199,894,3305,747,158,2
1200,530,959,1012,48,0
1201,1481,2635,522,249,2
1202,1068,1754,1499,935,1
1203,1487,2563,768,140,2
1204,1524,1936,740,184,1
1205,1093,1869,807,238,1
1206,1816,3637,1089,800,3
1207,627,896,507,211,0
1208,989,2349,804,670,1
1209,1895,774,1335,725,1
1210,805,3397,1544,81,2
1211,713,485,1378,1211,0
1212,864,3964,1378,1362,3
1213,1177,1887,1923,945,1
1214,582,2977,1702,1043,2
1215,1898,2114,739,444,2
1216,1158,1542,1796,311,1
1217,1451,3038,1456,812,3
1218,1820,2481,1884,202,2
1219,984,841,707,531,0
1220,580,3565,898,404,2
1221,1263,1958,1609,954,2
1222,1237,2454,603,274,2
1223,514,3392,1723,956,3
1224,1515,262,1593,1438,0
1225,721,530,1988,1446,0
1226,603,3703,1057,692,3
1227,1426,2562,1032,777,2
1228,1820,574,1951,1157,1
1229,1215,2632,1473,454,2
1230,697,259,1477,478,0
1231,717,688,1106,217,0
1232,1348,2554,741,468,2
1233,1164,3859,1656,1107,3
1234,578,2977,1134,626,2
1235,1971,571,922,485,0
1236,1794,402,627,43,0
1237,1558,878,1385,322,0
1238,1597,2130,1145,880,2
1239,1240,3260,1756,1511,3
1240,1994,454,711,667,0
1241,1221,2638,1899,765,2
1242,989,2819,679,614,2
1243,1180,1464,1252,925,1
1244,718,1824,1387,1185,1
1245,1670,876,1886,1706,1
1246,534,2706,1477,347,2
1247,1566,659,1930,1603,1
1248,1935,455,860,806,0
1249,504,2378,1539,1207,2
1250,913,2278,1144,431,1
1251,1317,3436,613,179,3
1252,917,3424,909,423,3
1253,712,401,1743,1131,0
1254,1083,681,1469,925,0
1255,1039,3212,544,62,2
1256,1747,3105,873,800,3
1257,1449,2036,947,211,1
1258,1872,3153,1389,81,3
1259,1796,1642,798,667,1
1260,1097,509,519,405,0
1261,1562,3465,1676,678,3
1262,1433,3900,1651,1619,3
1263,740,1105,1147,935,0
1264,676,2064,1011,864,1
1265,503,3117,1688,1495,3
1266,1020,1142,1613,870,1
1267,896,1060,1469,1379,1
1268,1824,2381,1738,1055,2
1269,1512,3366,1838,220,3
1270,1053,1339,1261,419,0
1271,1944,2560,1362,1111,3
1272,1174,285,1461,1097,0
1273,627,2476,819,447,1
1274,1602,1862,1062,273,1
1275,1733,3488,997,590,3
1276,586,3178,598,116,2
1277,1528,733,564,306,0
1278,875,756,1316,300,0
1279,1602,3622,1746,1259,3
1280,1426,1277,1694,1573,1
1281,1370,3703,1783,1392,3
1282,609,1905,1524,113,1
1283,840,2636,1728,526,2
1284,991,2014,1678,1209,2
1285,1724,3056,828,655,3
1286,584,465,1622,1123,0
1287,860,3869,979,692,3
1288,1541,1108,1052,796,1
1289,615,1906,1958,1021,1
1290,912,851,1310,995,0
1291,1278,3142,1504,1244,3
1292,1365,1300,970,293,0
1293,1702,1430,1931,1240,2
1294,589,362,1858,759,0
1295,1347,2456,1528,398,2
1296,1644,2360,791,358,2
1297,956,3700,1614,403,3
1298,1089,2620,1409,211,2
1299,871,437,1437,194,0
1300,664,3774,1472,1076,3
1301,1874,1218,1418,1238,1
1302,1928,696,1004,229,0
1303,888,3407,1683,327,3
1304,1077,3902,1892,135,3
1305,1023,2086,1744,5,1
1306,1426,1356,1163,715,1
1307,831,1704,621,511,0
1308,1496,3571,1383,549,3
1309,1433,2132,784,420,1
1310,1095,3209,1066,838,3
1311,643,2096,1400,314,1
1312,1142,1273,1766,739,1
1313,730,3623,846,62,2
1314,1901,368,1662,3,0
1315,1510,854,1520,963,1
1316,1924,3646,1923,1438,3
1317,1825,3130,1773,1621,3
1318,1275,3784,501,19,3
1319,987,3885,1274,887,3
1320,1538,1494,986,567,1
1321,1965,2973,676,584,3
1322,808,1471,974,496,0
1323,712,2001,1309,1245,1
1324,1507,1486,888,682,1
1325,912,1321,794,724,0
1326,769,1877,1454,1384,1
1327,948,3499,1654,257,3
1328,507,2124,1084,17,1
1329,1384,1221,1210,983,1
1330,1766,2316,1306,439,2
1331,1407,1068,1206,925,1
1332,614,1930,603,409,1
1333,1972,1316,952,293,1
1334,1039,1742,1878,384,1
1335,511,3265,1285,149,2
1336,1811,2700,568,447,2
1337,1159,2115,1206,717,2
1338,1848,3915,533,195,3
1339,1988,3144,696,153,3
1340,1469,1571,1850,1699,2
1341,1423,2253,640,501,1
1342,1974,1433,1496,530,1
1343,835,2583,1378,396,2
1344,1429,1817,1552,670,1
1345,947,2915,887,193,2
1346,1446,3340,1769,351,3
1347,1332,2790,855,846,2
1348,1498,577,1167,111,0
1349,1576,3220,1386,1213,3
1350,1398,3488,1284,755,3
1351,1885,1277,1517,1406,1
1352,798,3593,627,497,2
1353,1436,2736,1836,1826,3
1354,1998,2311,1356,50,2
1355,1321,1464,941,817,1
1356,1021,1355,1793,901,1
1357,1339,2382,1269,212,2
1358,1210,1886,1039,329,1
1359,1949,832,1182,837,1
1360,882,751,884,248,0
1361,1549,436,1162,632,0
1362,1991,722,613,366,0
1363,796,1075,518,174,0
1364,1012,2802,1195,882,2
1365,1318,1780,1591,688,1
1366,1708,1247,1345,263,1
1367,598,3066,764,118,2
1368,541,403,1226,1012,0
1369,818,2518,1552,586,2
1370,1414,1069,1233,294,0
1371,601,2651,1827,818,2
1372,561,2974,865,426,2
1373,1616,657,1133,151,0
1374,1263,3372,644,409,3
1375,1604,1464,1156,641,1
1376,539,1326,967,958,0
1377,1071,3393,1970,1328,3
1378,826,323,530,354,0
1379,771,1628,1781,1709,1
1380,1811,2610,1553,1099,3
1381,1842,3721,1227,783,3
1382,1420,763,1393,194,0
1383,1763,792,1893,238,0
1384,1163,1568,1076,919,1
1385,1805,1276,891,758,1
1386,610,3472,1273,1039,3
1387,1533,2520,1393,1054,2
1388,1924,3423,686,122,3
1389,1801,258,1708,100,0
1390,1726,1868,1804,1221,2
1391,794,2171,1376,312,1
1392,1686,780,1073,599,0
1393,1444,712,1340,1274,0
1394,1004,1012,581,62,0
1395,1242,318,1796,315,0
1396,539,3948,1709,1123,3
1397,717,629,1981,1878,0
1398,1540,1161,831,318,0
1399,672,1403,1267,574,0
1400,1325,3707,1915,1353,3
1401,950,1305,1681,86,0
1402,948,2926,1728,340,2
1403,1328,2674,1156,602,2
1404,1447,471,1062,963,0
1405,1973,1724,507,127,1
1406,1731,1220,1039,142,1
1407,1617,2754,1079,274,2
1408,1791,594,682,371,0
1409,851,1005,1007,788,0
1410,856,2439,1027,395,1
1411,714,2302,1527,643,1
1412,951,1083,935,854,0
1413,1303,2219,1873,1335,2
1414,1550,1571,1619,1541,2
1415,1759,2107,1163,382,2
1416,1448,593,1144,846,0
1417,1987,857,1925,960,1
1418,908,3518,941,154,3
1419,820,1284,694,468,0
1420,904,545,1496,1094,0
1421,667,3566,870,272,2
1422,1109,2821,1103,165,2
1423,1333,3442,1301,394,3
1424,1352,1309,1299,629,1
1425,1600,1179,1713,831,1
1426,1454,1713,910,903,1
1427,1489,1663,1759,923,1
1428,1823,1812,1250,362,2
1429,1581,1384,850,693,1
1430,1672,1348,1435,1250,1
1431,1283,3957,1923,1135,3
1432,630,1212,1448,66,0
1433,659,3925,1877,924,3
1434,1811,348,1132,204,0
1435,688,1382,1957,376,1
1436,514,980,1492,1083,0
1437,1933,838,1473,229,0
1438,915,378,1316,875,0
1439,1006,909,991,35,0
1440,1134,3632,903,18,3
1441,599,3396,646,103,2
1442,973,1861,588,105,1
1443,1180,348,540,168,0
1444,1237,2528,1004,18,2
1445,659,2190,730,659,1
1446,1142,663,855,534,0
1447,1002,961,512,285,0
1448,1392,1280,1098,482,1
1449,602,2189,1717,1571,2
1450,1249,531,1193,605,0
1451,531,2331,1657,158,1
1452,1450,794,1639,1573,1
1453,1342,2644,620,127,2
1454,832,1666,1431,343,1
1455,867,2157,724,289,1
1456,1404,1196,1880,1703,1
1457,840,2072,1591,1482,2
1458,1368,1590,925,907,1
1459,1927,2916,1506,491,3
1460,1714,3707,627,287,3
1461,1201,726,1723,1151,0
1462,1796,3577,1363,1024,3
1463,1147,2627,1134,1085,2
1464,776,685,1803,991,0
1465,510,1693,1897,1052,1
1466,1045,2137,1564,1078,2
1467,1497,3696,977,98,3
1468,1425,3771,1648,396,3
1469,726,1342,978,323,0
1470,1576,1379,1551,410,1
1471,714,1164,1857,1750,1
1472,1595,908,1988,1475,1
1473,541,1019,1873,1836,1
1474,1617,3685,676,283,3
1475,1154,1470,1240,539,1
1476,1638,2299,563,440,2
1477,1150,999,800,397,0
1478,1254,3011,1021,204,2
1479,1806,3142,727,347,3
1480,603,1543,1284,1003,1
1481,520,2753,519,264,1
1482,565,2156,703,543,1
1483,1689,2637,675,467,2
1484,742,331,925,875,0
1485,1143,1214,1724,1116,1
1486,761,2248,1945,1325,2
1487,959,3073,1331,1313,3
1488,772,422,1802,552,0
1489,1015,2293,679,335,1
1490,1824,3958,1105,50,3
1491,1130,432,1327,593,0
1492,1183,1152,1010,268,0
1493,574,1303,1364,382,0
1494,1472,797,892,443,0
1495,1868,298,884,576,0
1496,1375,3847,679,596,3
1497,881,2110,636,115,1
1498,1742,1921,1407,356,2
1499,1225,2423,1567,10,2
1500,1970,1658,1684,1399,2
1501,1186,2361,584,68,1
1502,1762,1380,790,643,1
1503,1731,3892,1988,809,3
1504,852,315,1349,683,0
1505,848,2289,527,56,1
1506,1575,2182,818,492,2
1507,1554,2184,1492,699,2
1508,1972,2872,804,290,3
1509,827,2367,826,23,1
1510,1063,1919,849,394,1
1511,1695,3296,1742,713,3
1512,1343,462,1205,1063,0
1513,834,1591,1463,1421,1
1514,595,1593,816,623,0
1515,1081,2456,816,83,1
1516,911,2933,1692,1563,3
1517,844,3154,1995,777,3
1518,1335,3615,559,83,3
1519,1883,3563,915,203,3
1520,1128,1440,1226,938,1
1521,826,1907,1183,1077,1
1522,1650,324,881,773,0
1523,1162,1404,866,332,1
1524,1517,2738,1645,570,2
1525,963,2722,821,742,2
1526,1837,2294,1539,1420,3
1527,1028,1424,1923,1801,1
1528,1831,1133,1790,1693,1
1529,571,555,1536,31,0
1530,1770,3785,1373,1098,3
1531,970,3675,1786,1765,3
1532,642,435,1775,887,0
1533,622,3183,1964,760,2
1534,600,3495,1032,486,2
1535,1412,1853,660,2,1
1536,733,2648,1787,202,2
1537,1070,2647,1614,90,2
1538,875,702,853,469,0
1539,1994,1836,1546,86,2
1540,823,3894,1350,1180,3
1541,1908,2944,1046,140,3
1542,790,3424,1437,1100,3
1543,1330,2678,892,194,2
1544,1660,2424,569,440,2
1545,1776,2671,1803,1563,3
1546,1611,3078,1011,163,2
1547,1410,2304,1311,192,2
1548,1772,1146,1405,837,1
1549,1280,2335,588,356,1
1550,1712,1422,663,155,1
1551,1562,2096,1776,1032,2
1552,891,1303,1435,40,0
1553,1957,1115,1727,1194,1
1554,1110,456,1262,1179,0
1555,875,3396,969,902,3
1556,1211,2750,963,58,2
1557,769,941,1780,1385,0
1558,671,2278,1617,614,2
1559,1872,2273,1088,672,2
1560,1076,2355,1718,1088,2
1561,1325,2328,695,499,2
1562,911,2638,763,157,1
1563,1273,558,1399,485,0
1564,1062,1345,817,571,0
1565,1317,425,542,431,0
1566,940,2192,1090,499,1
1567,729,3397,1055,563,2
1568,1494,1208,1003,944,1
1569,1546,267,1491,1138,0
1570,1253,3518,647,161,3
1571,895,3122,1575,126,2
1572,793,1050,1196,15,0
1573,1628,3358,1713,500,3
1574,625,2929,1771,203,2
1575,1110,624,1950,961,0
1576,999,1598,1970,608,1
1577,1856,2052,1155,277,2
1578,1715,1249,1849,114,1
1579,1897,412,738,630,0
1580,1202,595,1742,404,0
1581,1171,263,755,248,0
1582,964,2577,1234,225,2
1583,1973,639,851,699,0
1584,1992,3206,895,649,3
1585,546,1550,1658,416,1
1586,1093,1646,1420,1310,1
1587,1880,1930,1983,930,2
1588,1765,3695,1175,835,3
1589,1640,3235,1806,664,3
1590,1830,2334,1583,460,2
1591,826,1998,1615,778,1
1592,1864,2258,1545,225,2
1593,586,1869,1118,785,1
1594,1206,1825,1713,1581,2
1595,832,3946,1944,9,3
1596,848,436,1294,7,0
1597,1851,2678,1175,174,2
1598,1166,3887,638,437,3
1599,1776,1813,623,278,1
1600,1254,817,1372,1288,0
1601,1494,3614,1190,979,3
1602,984,2013,1931,56,1
1603,1179,543,1429,913,0
1604,513,3400,710,282,2
1605,557,2623,710,322,1
1606,744,2700,1963,1252,2
1607,1129,1400,1702,1128,1
1608,1148,3127,688,606,2
1609,1793,2803,1459,655,3
1610,1310,2518,970,954,2
1611,1604,3564,1042,68,3
1612,1676,2515,1197,134,2
1613,1001,3654,1836,922,3
1614,1086,3930,1976,1874,3
1615,1986,3476,599,251,3
1616,634,3242,1853,1362,3
1617,502,2666,1159,281,2
1618,1641,1695,1994,224,2
1619,623,3510,844,778,2
1620,962,3438,1424,546,3
1621,1057,2033,891,397,1
1622,1862,1017,1046,386,1
1623,555,1686,1970,214,1
1624,1000,862,833,461,0
1625,841,957,675,125,0
1626,865,3494,1009,335,3
1627,999,3083,1641,342,2
1628,1232,1656,761,625,1
1629,1194,313,509,494,0
1630,612,3282,1487,1145,3
1631,1362,3629,1042,600,3
1632,1469,1687,711,484,1
1633,986,1149,679,199,0
1634,1843,3899,832,21,3
1635,1561,1783,1811,885,2
1636,1695,1629,1208,308,1
1637,667,2528,1947,1015,2
1638,1768,3256,1814,1303,3
1639,1269,2341,1036,406,2
1640,1109,2785,833,124,2
1641,936,3761,1677,150,3
1642,1713,1513,1963,108,1
1643,1175,2240,557,90,1
1644,1940,820,1809,588,1
1645,855,1875,1196,1028,1
1646,771,920,1247,776,0
1647,645,3615,584,278,2
1648,1307,1412,1103,897,1
1649,1948,361,700,651,0
1650,1509,1540,1684,1010,1
1651,626,1077,1759,737,0
1652,1190,3610,1646,1399,3
1653,1727,512,1288,376,0
1654,1670,3024,1330,1117,3
1655,1150,1610,1947,234,1
1656,1208,2201,1028,691,1
1657,1812,3338,1550,380,3
1658,770,3473,1483,603,3
1659,1559,2203,681,117,1
1660,1902,940,877,766,1
1661,1751,1155,1952,1499,1
1662,1416,3872,1578,1175,3
1663,1288,1882,1503,988,2
1664,1003,1798,1905,190,1
1665,1715,2598,1375,674,3
1666,1967,1567,1374,518,1
1667,962,1491,1916,1618,1
1668,1487,2003,989,857,2
1669,1569,3905,665,371,3
1670,1146,291,583,73,0
1671,1379,1693,755,98,1
1672,1504,1788,1853,395,1
1673,1945,3322,1540,1064,3
1674,1630,1751,1726,712,2
1675,1125,1641,939,774,1
1676,614,2854,1040,1012,2
1677,854,3115,1148,730,2
1678,1470,3259,1090,777,3
1679,1826,1612,1633,973,2
1680,807,2319,829,245,1
1681,1996,1258,1083,937,1
1682,1083,1543,1164,937,1
1683,1035,3991,1171,574,3
1684,1521,3555,1630,678,3
1685,1314,3411,512,82,3
1686,535,524,1775,398,0
1687,673,3541,1570,1096,3
1688,1219,1998,1698,1419,2
1689,1606,3437,770,157,3
1690,1603,1637,1207,430,1
1691,1958,3064,1848,1524,3
1692,695,2855,1829,1649,2
1693,1441,1393,954,254,1
1694,1470,1633,1988,1790,2
1695,1890,2392,1832,1438,3
1696,1152,3284,1673,1304,3
1697,1619,464,1180,813,0
1698,1002,1234,1007,948,0
1699,742,292,1288,1161,0
1700,1306,2521,1258,867,2
1701,1424,2658,1199,181,2
1702,942,587,1532,754,0
1703,1934,2190,1127,242,2
1704,1290,879,742,405,0
1705,930,1743,1763,1569,2
1706,1699,1181,1099,105,1
1707,1849,3330,1986,978,3
1708,1922,3564,1882,725,3
1709,548,562,1657,657,0
1710,916,1659,1393,1147,1
1711,1783,1816,1566,910,2
1712,1083,1338,503,295,0
1713,1698,2992,508,26,2
1714,1969,315,764,332,0
1715,869,3249,533,519,2
1716,1337,3242,1029,161,2
1717,637,2725,1289,1080,2
1718,833,586,1290,649,0
1719,1248,2454,1686,71,2
1720,1174,804,1244,744,0
1721,1831,2460,1113,437,2
1722,1002,1295,1111,115,0
1723,1010,2625,957,547,2
1724,1117,1999,1035,495,1
1725,990,2698,1717,1466,2
1726,1564,3742,1115,117,3
1727,1065,1193,1722,760,1
1728,1982,3511,1873,764,3
1729,1607,885,1005,776,0
1730,1066,1044,1504,53,0
1731,681,2548,1702,371,2
1732,1163,2940,818,728,2
1733,1285,3966,1896,1791,3
1734,753,3484,1316,606,3
1735,1779,1246,1717,1225,1
1736,987,2757,736,419,2
1737,511,2378,1264,367,1
1738,1044,1794,1263,1230,1
1739,1855,3933,1161,267,3
1740,946,1637,891,273,0
1741,657,783,1905,705,0
1742,1673,3094,679,214,2
1743,731,1774,1032,424,1
1744,926,256,793,84,0
1745,1261,1365,1429,605,1
1746,618,2339,1586,1175,2
1747,936,2049,938,657,1
1748,1485,3241,1023,371,3
1749,1339,867,1441,833,0
1750,508,2175,1195,102,1
1751,1938,3497,1935,1299,3
1752,995,609,1889,258,0
1753,1086,3285,1150,56,2
1754,1322,3684,708,443,3
1755,1864,3586,1793,1279,3
1756,1944,2322,712,313,2
1757,581,354,565,523,0
1758,1020,3204,1482,919,3
1759,1936,1400,1021,570,1
1760,1329,2308,682,380,1
1761,808,1082,529,119,0
1762,994,3104,839,296,2
1763,1811,2847,614,358,2
1764,765,2256,1851,1364,2
1765,993,1113,1639,424,0
1766,1136,3210,1030,961,3
1767,719,3990,1727,431,3
1768,733,984,1739,950,0
1769,1946,3117,1849,647,3
1770,1230,1622,1963,1960,2
1771,1577,2967,1432,116,3
1772,1514,1037,538,306,0
1773,579,2908,1517,808,2
1774,574,1167,1334,94,0
1775,1072,2715,877,380,2
1776,843,1734,732,593,1
1777,1492,2259,1746,1684,3
1778,1807,2921,1415,1221,3
1779,909,1244,1643,410,0
1780,1876,3132,1211,600,3
1781,1436,2488,1411,189,2
1782,1251,1052,591,308,0
1783,636,2927,742,148,2
1784,1354,2090,918,297,1
1785,930,2131,1726,1050,2
1786,1830,3362,1882,1191,3
1787,1424,1053,1663,1399,1
1788,583,1799,1794,1658,1
1789,648,3124,1817,1153,3
1790,1203,1672,510,35,0
1791,1777,1552,874,553,1
1792,1299,1938,908,46,1
1793,1494,3202,1177,207,3
1794,527,1302,1924,67,0
1795,793,2296,1006,818,1
1796,873,575,1411,1257,0
1797,722,2359,1371,138,1
1798,1250,3314,1020,11,2
1799,1358,440,1635,889,0
1800,1035,2002,1709,831,1
1801,1289,3167,1854,713,3
1802,1445,3480,1393,527,3
1803,1702,595,1643,1284,1
1804,534,2466,1220,911,2
1805,628,1337,1534,1047,1
1806,713,1462,1477,123,0
1807,1207,503,681,406,0
1808,683,2066,1135,927,1
1809,594,708,528,407,0
1810,537,2029,1430,1041,1
1811,1565,308,1364,781,0
1812,1052,552,1839,1191,0
1813,713,2082,1760,103,1
1814,1766,3314,1227,125,3
1815,584,3996,1343,919,3
1816,1541,1795,1656,536,1
1817,837,594,1831,638,0
1818,935,2473,1087,639,2
1819,665,690,1804,496,0
1820,680,3845,1418,686,3
1821,877,2004,1985,1064,1
1822,1493,2083,1414,240,2
1823,1762,2661,704,525,2
1824,842,1903,730,348,1
1825,925,2466,1520,1262,2
1826,1692,3779,1904,1899,3
1827,1576,3904,789,258,3
1828,1065,265,1948,1188,0
1829,958,1417,751,730,0
1830,623,1769,1238,484,1
1831,897,2948,1852,547,2
1832,1110,2572,1455,800,2
1833,616,3267,513,347,2
1834,1680,1459,1231,679,1
1835,1715,1633,1676,1224,2
1836,983,2052,1205,948,1
1837,720,1086,1234,366,0
1838,1660,2402,1777,223,2
1839,1564,3376,1962,1619,3
1840,592,1507,970,332,0
1841,969,641,909,167,0
1842,1356,3451,951,782,3
1843,504,1607,1129,881,0
1844,1546,3521,1317,91,3
1845,689,1241,722,487,0
1846,1685,881,1429,120,0
1847,1792,2563,1913,1626,3
1848,1786,3033,865,74,3
1849,1944,769,1079,634,0
1850,1077,3454,1079,334,3
1851,648,819,1811,931,0
1852,1702,435,1351,921,0
1853,1571,586,956,805,0
1854,856,650,1931,1057,0
1855,1786,3038,912,616,3
1856,914,3736,840,740,3
1857,1615,2948,678,542,2
1858,649,739,1551,344,0
1859,1646,686,1608,211,0
1860,1189,841,615,79,0
1861,1043,1183,893,887,0
1862,1920,3943,1152,670,3
1863,1220,1037,1249,383,0
1864,1748,2633,1109,718,2
1865,907,3911,896,144,3
1866,1193,1958,1904,1442,2
1867,1766,3297,1318,291,3
1868,1278,3141,1775,1352,3
1869,1234,3351,725,209,2
1870,1961,2355,1888,861,3
1871,1745,1308,1629,426,1
1872,1442,991,642,266,0
1873,1083,3248,542,523,2
1874,868,1519,1311,40,0
1875,864,493,1436,262,0
1876,1142,1747,769,623,1
1877,608,2517,1351,4,1
1878,983,1389,1176,1001,1
1879,1720,2522,896,334,2
1880,1802,1885,963,453,2
1881,591,704,1726,952,0
1882,1205,953,1870,321,0
1883,1369,3206,1469,1451,3
1884,713,928,1123,1048,0
1885,1082,2177,724,398,1
1886,1719,2610,520,417,2
1887,1544,489,844,470,0
1888,1090,3839,1670,1217,3
1889,1991,1861,1037,298,1
1890,1367,299,642,36,0
1891,1179,340,1451,85,0
1892,721,3606,1255,655,3
1893,1549,799,990,167,0
1894,1349,2367,623,212,1
1895,1799,445,1386,617,0
1896,1075,3927,1769,271,3
1897,684,3756,1738,159,3
1898,1837,770,872,786,0
1899,1619,1641,562,46,1
1900,965,2343,1275,645,2
1901,730,2787,1677,1371,2
1902,1361,2495,1382,881,2
1903,1494,3208,790,449,3
1904,1027,1234,534,338,0
1905,1807,1069,1814,1332,1
1906,709,3568,1531,119,3
1907,689,3585,823,256,3
1908,955,1974,1254,428,1
1909,1872,2419,1879,1546,3
1910,1259,340,1989,1210,0
1911,695,2282,1211,789,1
1912,1969,298,756,390,0
1913,759,968,1317,110,0
1914,936,2391,1686,1330,2
1915,1176,1534,1455,674,1
1916,1802,696,590,253,0
1917,772,2782,1805,317,2
1918,1318,755,661,183,0
1919,591,3746,1603,892,3
1920,569,2651,605,388,1
1921,764,1341,539,52,0
1922,1056,2651,979,914,2
1923,1982,1824,593,287,1
1924,1830,1905,1353,773,2
1925,1122,1456,1163,675,1
1926,1023,3155,1985,367,3
1927,1283,773,980,510,0
1928,1602,1829,1800,1325,2
1929,732,3883,1836,1661,3
1930,1854,1675,718,665,1
1931,718,1601,997,662,1
1932,1405,2376,1036,284,2
1933,798,1647,1951,661,1
1934,1035,3548,1912,757,3
1935,1396,2694,1177,560,2
1936,1749,2195,775,470,2
1937,1588,2506,822,146,2
1938,1600,2073,1710,1315,2
1939,1522,3767,1696,533,3
1940,1279,1150,1633,560,1
1941,719,841,1141,405,0
1942,544,1675,610,227,0
1943,1007,1301,831,479,0
1944,590,1817,509,227,0
1945,1788,2321,1022,149,2
1946,748,1974,709,88,1
1947,757,3433,819,114,2
1948,1561,1205,874,662,1
1949,1327,872,1721,441,0
1950,797,2052,1466,888,1
1951,727,3654,711,664,3
1952,686,1503,745,64,0
1953,1515,3104,1247,747,3
1954,555,343,1010,956,0
1955,1589,3430,1397,776,3
1956,1976,2470,1933,652,3
1957,1884,1396,1179,1168,1
1958,1063,2668,582,201,2
1959,672,1457,1127,724,0
1960,635,2452,1299,599,2
1961,1906,1871,629,3,1
1962,1753,1112,1983,1652,1
1963,659,967,657,190,0
1964,1583,2498,1673,1171,2
1965,1783,387,1979,1081,1
1966,1667,635,1396,1211,0
1967,640,2711,1353,976,2
1968,1913,2023,742,675,2
1969,538,2215,537,455,1
1970,1191,824,807,42,0
1971,816,3851,1651,1196,3
1972,915,2156,986,503,1
1973,1157,2885,1798,1694,3
1974,1201,495,558,306,0
1975,1379,2358,885,838,2
1976,1483,1744,651,291,1
1977,1614,1832,1219,173,1
1978,930,2016,1289,1017,1
1979,1454,1300,1018,698,1
1980,1784,2313,1437,610,2
1981,1262,3248,737,223,2
1982,797,2216,1167,206,1
1983,1829,3142,1919,1457,3
1984,1139,1850,999,742,1
1985,618,1424,724,591,0
1986,1547,1620,957,347,1
1987,586,2592,854,241,1
1988,1617,296,1426,743,0
1989,1882,3579,743,4,3
1990,674,1180,1809,576,0
1991,1467,3962,1099,888,3
1992,858,3978,1416,528,3
1993,794,668,1890,1222,0
1994,1965,2032,1965,915,2
1995,1911,3057,1632,868,3
1996,1512,869,670,336,0
1997,510,3919,754,483,3
